Typical Values,per 100g,per 80g (1 medium apple),item name,per 40g portion,per 40g portion %RI,your RI*,per 80g portion,per 100g:,per 20g serving,(as consumed) per 100g,(as consumed) per 40g portion,per pack,per 80g (1 lemon),per 80g (1 lemon) %GDA,your GDA*,% adult RI per 100g,adult RI,per 80g (1 medium apple) %GDA,per 80g serving (1 large slice),%GDA,per 80g (1 medium pear),per 80g (1 medium pear) %GDA,per 80g serving (2 kiwi fruit),per 80g (1 medium apple) % GDA,per 30g portion,%RI,per 80g serving,per 1/6 pack,per 1/6 pack %GDA,per bag,per bag %RI,per 25g portion,per 25g portion %RI,per 40g portion ,per 50g portion,per 30g portion %RI,per 1/5 pack (82g)
Energy ,226kJ/53kcal,180kJ/43kcal,Morrisons Cox Apples 6 per pack,,,,,,,,,,,,,,,,,,,,,,,,,,,,,,,,,,
Protein ,0.4g,0.3g,Morrisons Cox Apples 6 per pack,,,,,,,,,,,,,,,,,,,,,,,,,,,,,,,,,,
Carbohydrates ,11.8g,9.4g,Morrisons Cox Apples 6 per pack,,,,,,,,,,,,,,,,,,,,,,,,,,,,,,,,,,
 of which sugars ,11.8g,9.4g,Morrisons Cox Apples 6 per pack,,,,,,,,,,,,,,,,,,,,,,,,,,,,,,,,,,
Fat ,0.1g,trace,Morrisons Cox Apples 6 per pack,,,,,,,,,,,,,,,,,,,,,,,,,,,,,,,,,,
 of which saturates ,trace,trace,Morrisons Cox Apples 6 per pack,,,,,,,,,,,,,,,,,,,,,,,,,,,,,,,,,,
Fibre ,1.8g,1.4g,Morrisons Cox Apples 6 per pack,,,,,,,,,,,,,,,,,,,,,,,,,,,,,,,,,,
Sodium ,trace,trace,Morrisons Cox Apples 6 per pack,,,,,,,,,,,,,,,,,,,,,,,,,,,,,,,,,,
Salt equivalent ,trace,trace,Morrisons Cox Apples 6 per pack,,,,,,,,,,,,,,,,,,,,,,,,,,,,,,,,,,
Energy ,2869kJ/696kcal,,Morrisons Walnuts  200g,1147kJ/278kcal,14%,8400kJ/2000kcal,,,,,,,,,,,,,,,,,,,,,,,,,,,,,,,
Fat ,68.5g,,Morrisons Walnuts  200g,27.4g,39%,70g,,,,,,,,,,,,,,,,,,,,,,,,,,,,,,,
of which saturates ,5.6g,,Morrisons Walnuts  200g,2.2g,11%,20g,,,,,,,,,,,,,,,,,,,,,,,,,,,,,,,
Carbohydrate ,3.3g,,Morrisons Walnuts  200g,1.3g,,,,,,,,,,,,,,,,,,,,,,,,,,,,,,,,,
of which sugars ,2.6g,,Morrisons Walnuts  200g,1g,1%,90g,,,,,,,,,,,,,,,,,,,,,,,,,,,,,,,
Fibre ,3.5g,,Morrisons Walnuts  200g,1.4g,,,,,,,,,,,,,,,,,,,,,,,,,,,,,,,,,
Protein ,14.7g,,Morrisons Walnuts  200g,5.9g,,,,,,,,,,,,,,,,,,,,,,,,,,,,,,,,,
Salt ,trace,,Morrisons Walnuts  200g,trace,<1%,6g,,,,,,,,,,,,,,,,,,,,,,,,,,,,,,,
*Reference intake of an average adult (8400kJ/2000kcal) (RI),,,Morrisons Walnuts  200g,,,,,,,,,,,,,,,,,,,,,,,,,,,,,,,,,,
Contains 5 portions,,,Morrisons Walnuts  200g,,,,,,,,,,,,,,,,,,,,,,,,,,,,,,,,,,
Energy ,2382kJ/575kcal,,Morrisons Unsalted Cashews 200g,953kJ/230kcal,11%,8400kJ/2000kcal,,,,,,,,,,,,,,,,,,,,,,,,,,,,,,,
Fat ,44.7g,,Morrisons Unsalted Cashews 200g,17.9g,26%,70g,,,,,,,,,,,,,,,,,,,,,,,,,,,,,,,
 of which saturates ,8.7g,,Morrisons Unsalted Cashews 200g,3.5g,17%,20g,,,,,,,,,,,,,,,,,,,,,,,,,,,,,,,
Carbohydrate ,18.5g,,Morrisons Unsalted Cashews 200g,7.4g,,,,,,,,,,,,,,,,,,,,,,,,,,,,,,,,,
 of which sugars ,6.9g,,Morrisons Unsalted Cashews 200g,2.8g,3%,90g,,,,,,,,,,,,,,,,,,,,,,,,,,,,,,,
Fibre ,8.5g,,Morrisons Unsalted Cashews 200g,3.4g,,,,,,,,,,,,,,,,,,,,,,,,,,,,,,,,,
Protein ,20.3g,,Morrisons Unsalted Cashews 200g,8.1g,,,,,,,,,,,,,,,,,,,,,,,,,,,,,,,,,
Salt ,trace,,Morrisons Unsalted Cashews 200g,trace,<1%,6g,,,,,,,,,,,,,,,,,,,,,,,,,,,,,,,
Vitamins and minerals,,,Morrisons Unsalted Cashews 200g,,,,,,,,,,,,,,,,,,,,,,,,,,,,,,,,,,
Magnesium ,259mg (69% RI),,Morrisons Unsalted Cashews 200g,103.6mg (28% RI),,,,,,,,,,,,,,,,,,,,,,,,,,,,,,,,,
*Reference intake of an average adult (8400kJ/2000kcal) (RI),,,Morrisons Unsalted Cashews 200g,,,,,,,,,,,,,,,,,,,,,,,,,,,,,,,,,,
Contains 5 portions,,,Morrisons Unsalted Cashews 200g,,,,,,,,,,,,,,,,,,,,,,,,,,,,,,,,,,
Energy ,139kJ/33kcal,,Morrisons Watermelon  300g,,,,111kJ/26kcal,,,,,,,,,,,,,,,,,,,,,,,,,,,,,,
Fat ,0.3g,,Morrisons Watermelon  300g,,,,0.2g,,,,,,,,,,,,,,,,,,,,,,,,,,,,,,
of which saturates ,0.1g,,Morrisons Watermelon  300g,,,,0.1g,,,,,,,,,,,,,,,,,,,,,,,,,,,,,,
Carbohydrate ,6.9g,,Morrisons Watermelon  300g,,,,5.5g,,,,,,,,,,,,,,,,,,,,,,,,,,,,,,
of which sugars ,6.9g,,Morrisons Watermelon  300g,,,,5.5g,,,,,,,,,,,,,,,,,,,,,,,,,,,,,,
Fibre ,0.5g,,Morrisons Watermelon  300g,,,,0.4g,,,,,,,,,,,,,,,,,,,,,,,,,,,,,,
Protein ,0.4g,,Morrisons Watermelon  300g,,,,0.3g,,,,,,,,,,,,,,,,,,,,,,,,,,,,,,
Salt ,trace,,Morrisons Watermelon  300g,,,,trace,,,,,,,,,,,,,,,,,,,,,,,,,,,,,,
Contains approx. 3 portions,,,Morrisons Watermelon  300g,,,,,,,,,,,,,,,,,,,,,,,,,,,,,,,,,,
Energy ,,,Morrisons Mango  240g,,,,,278kJ/66kcal,,,,,,,,,,,,,,,,,,,,,,,,,,,,,
Fat ,,,Morrisons Mango  240g,,,,,0.2g,,,,,,,,,,,,,,,,,,,,,,,,,,,,,
 of which saturates ,,,Morrisons Mango  240g,,,,,0.1g,,,,,,,,,,,,,,,,,,,,,,,,,,,,,
Carbohydrate ,,,Morrisons Mango  240g,,,,,13.6g,,,,,,,,,,,,,,,,,,,,,,,,,,,,,
 of which sugars ,,,Morrisons Mango  240g,,,,,13.3g,,,,,,,,,,,,,,,,,,,,,,,,,,,,,
Fibre ,,,Morrisons Mango  240g,,,,,3.5g,,,,,,,,,,,,,,,,,,,,,,,,,,,,,
Protein ,,,Morrisons Mango  240g,,,,,0.7g,,,,,,,,,,,,,,,,,,,,,,,,,,,,,
Salt ,,,Morrisons Mango  240g,,,,,trace,,,,,,,,,,,,,,,,,,,,,,,,,,,,,
Energy ,,,Morrisons Sharing Pineapple  300g,,,,,192kJ/45kcal,,,,,,,,,,,,,,,,,,,,,,,,,,,,,
Fat ,,,Morrisons Sharing Pineapple  300g,,,,,0.2g,,,,,,,,,,,,,,,,,,,,,,,,,,,,,
of which saturates ,,,Morrisons Sharing Pineapple  300g,,,,,trace,,,,,,,,,,,,,,,,,,,,,,,,,,,,,
Carbohydrate ,,,Morrisons Sharing Pineapple  300g,,,,,9.7g,,,,,,,,,,,,,,,,,,,,,,,,,,,,,
of which sugars ,,,Morrisons Sharing Pineapple  300g,,,,,9.7g,,,,,,,,,,,,,,,,,,,,,,,,,,,,,
Fibre ,,,Morrisons Sharing Pineapple  300g,,,,,1.6g,,,,,,,,,,,,,,,,,,,,,,,,,,,,,
Protein ,,,Morrisons Sharing Pineapple  300g,,,,,0.4g,,,,,,,,,,,,,,,,,,,,,,,,,,,,,
Salt ,,,Morrisons Sharing Pineapple  300g,,,,,trace,,,,,,,,,,,,,,,,,,,,,,,,,,,,,
Contains approximately 3 portions,,,Morrisons Sharing Pineapple  300g,,,,,,,,,,,,,,,,,,,,,,,,,,,,,,,,,,
Energy,2886kJ/700kcal,,Morrisons Pecans  200g,1155kJ/280kcal,14%,8400kJ/2000kcal,,,,,,,,,,,,,,,,,,,,,,,,,,,,,,,
Fat,70.1g,,Morrisons Pecans  200g,28g,40%,70g,,,,,,,,,,,,,,,,,,,,,,,,,,,,,,,
of which saturates,5.7g,,Morrisons Pecans  200g,2.3g,11%,20g,,,,,,,,,,,,,,,,,,,,,,,,,,,,,,,
Carbohydrate,5.8g,,Morrisons Pecans  200g,2.3g,,,,,,,,,,,,,,,,,,,,,,,,,,,,,,,,,
of which sugars,4.3g,,Morrisons Pecans  200g,1.7g,2%,90g,,,,,,,,,,,,,,,,,,,,,,,,,,,,,,,
Fibre,4.7g,,Morrisons Pecans  200g,1.9g,,,,,,,,,,,,,,,,,,,,,,,,,,,,,,,,,
Protein,9.2g,,Morrisons Pecans  200g,3.7g,,,,,,,,,,,,,,,,,,,,,,,,,,,,,,,,,
Salt,Trace,,Morrisons Pecans  200g,Trace,<1%,6g,,,,,,,,,,,,,,,,,,,,,,,,,,,,,,,
*Reference intake of an average adult (8400kJ/2000kcal) (RI),,,Morrisons Pecans  200g,,,,,,,,,,,,,,,,,,,,,,,,,,,,,,,,,,
Contains 5 portions,,,Morrisons Pecans  200g,,,,,,,,,,,,,,,,,,,,,,,,,,,,,,,,,,
Energy ,,,"Morrisons Prepared Melon, Pineapple & Mango  240g",,,,,189kJ/45kcal,,,,,,,,,,,,,,,,,,,,,,,,,,,,,
Fat ,,,"Morrisons Prepared Melon, Pineapple & Mango  240g",,,,,0.2g,,,,,,,,,,,,,,,,,,,,,,,,,,,,,
 of which saturates ,,,"Morrisons Prepared Melon, Pineapple & Mango  240g",,,,,trace,,,,,,,,,,,,,,,,,,,,,,,,,,,,,
Carbohydrate ,,,"Morrisons Prepared Melon, Pineapple & Mango  240g",,,,,9.1g,,,,,,,,,,,,,,,,,,,,,,,,,,,,,
 of which sugars ,,,"Morrisons Prepared Melon, Pineapple & Mango  240g",,,,,9.1g,,,,,,,,,,,,,,,,,,,,,,,,,,,,,
Fibre ,,,"Morrisons Prepared Melon, Pineapple & Mango  240g",,,,,2.3g,,,,,,,,,,,,,,,,,,,,,,,,,,,,,
Protein ,,,"Morrisons Prepared Melon, Pineapple & Mango  240g",,,,,0.6g,,,,,,,,,,,,,,,,,,,,,,,,,,,,,
Salt ,,,"Morrisons Prepared Melon, Pineapple & Mango  240g",,,,,trace,,,,,,,,,,,,,,,,,,,,,,,,,,,,,
Contains 3 portions,,,"Morrisons Prepared Melon, Pineapple & Mango  240g",,,,,,,,,,,,,,,,,,,,,,,,,,,,,,,,,,
Energy,158kJ/38kcal,,"Morrisons Kiwi, Melon & Strawberry 210g",,,,,,,,,,,,,,,,,,,,,,,,,,,,,,,,,,
Fat,0.3g,,"Morrisons Kiwi, Melon & Strawberry 210g",,,,,,,,,,,,,,,,,,,,,,,,,,,,,,,,,,
of which saturates,nil,,"Morrisons Kiwi, Melon & Strawberry 210g",,,,,,,,,,,,,,,,,,,,,,,,,,,,,,,,,,
Carbohydrate,7.1g,,"Morrisons Kiwi, Melon & Strawberry 210g",,,,,,,,,,,,,,,,,,,,,,,,,,,,,,,,,,
of which sugars,7g,,"Morrisons Kiwi, Melon & Strawberry 210g",,,,,,,,,,,,,,,,,,,,,,,,,,,,,,,,,,
Fibre,1.4g,,"Morrisons Kiwi, Melon & Strawberry 210g",,,,,,,,,,,,,,,,,,,,,,,,,,,,,,,,,,
Protein,0.8g,,"Morrisons Kiwi, Melon & Strawberry 210g",,,,,,,,,,,,,,,,,,,,,,,,,,,,,,,,,,
Salt,trace,,"Morrisons Kiwi, Melon & Strawberry 210g",,,,,,,,,,,,,,,,,,,,,,,,,,,,,,,,,,
Contains approx. 2 portions,,,"Morrisons Kiwi, Melon & Strawberry 210g",,,,,,,,,,,,,,,,,,,,,,,,,,,,,,,,,,
Energy ,1418kJ/335kcal,,Morrisons Cranberries  80g,,,,,,284kJ/67kcal,,,,,,,,,,,,,,,,,,,,,,,,,,,,
Fat ,1.3g,,Morrisons Cranberries  80g,,,,,,0.3g,,,,,,,,,,,,,,,,,,,,,,,,,,,,
 of which saturates ,0.1g,,Morrisons Cranberries  80g,,,,,,trace,,,,,,,,,,,,,,,,,,,,,,,,,,,,
Carbohydrate ,77.9g,,Morrisons Cranberries  80g,,,,,,15.6g,,,,,,,,,,,,,,,,,,,,,,,,,,,,
 of which sugars ,66.8g,,Morrisons Cranberries  80g,,,,,,13.4g,,,,,,,,,,,,,,,,,,,,,,,,,,,,
Fibre ,5.1g,,Morrisons Cranberries  80g,,,,,,1g,,,,,,,,,,,,,,,,,,,,,,,,,,,,
Protein ,0.3g,,Morrisons Cranberries  80g,,,,,,0.1g,,,,,,,,,,,,,,,,,,,,,,,,,,,,
Salt ,trace,,Morrisons Cranberries  80g,,,,,,trace,,,,,,,,,,,,,,,,,,,,,,,,,,,,
Contains 4 portions,,,Morrisons Cranberries  80g,,,,,,,,,,,,,,,,,,,,,,,,,,,,,,,,,,
Energy ,246kJ/58kcal,,Morrisons  Berry Medley  220g,,,,,,,,,,,,,,,,,,,,,,,,,,,,,,,,,,
Fat ,0.2g,,Morrisons  Berry Medley  220g,,,,,,,,,,,,,,,,,,,,,,,,,,,,,,,,,,
 of which saturates ,nil,,Morrisons  Berry Medley  220g,,,,,,,,,,,,,,,,,,,,,,,,,,,,,,,,,,
Carbohydrate ,12.9g,,Morrisons  Berry Medley  220g,,,,,,,,,,,,,,,,,,,,,,,,,,,,,,,,,,
 of which sugars ,12.9g,,Morrisons  Berry Medley  220g,,,,,,,,,,,,,,,,,,,,,,,,,,,,,,,,,,
Fibre ,0.9g,,Morrisons  Berry Medley  220g,,,,,,,,,,,,,,,,,,,,,,,,,,,,,,,,,,
Protein ,0.7g,,Morrisons  Berry Medley  220g,,,,,,,,,,,,,,,,,,,,,,,,,,,,,,,,,,
Salt ,trace,,Morrisons  Berry Medley  220g,,,,,,,,,,,,,,,,,,,,,,,,,,,,,,,,,,
Energy ,1634kJ/390kcal,,Morrisons Trail Mix 200g,654kJ/156kcal,8%,8400kJ/2000kcal,,,,,,,,,,,,,,,,,,,,,,,,,,,,,,,
Fat ,15.6g,,Morrisons Trail Mix 200g,6.2g,9%,70g,,,,,,,,,,,,,,,,,,,,,,,,,,,,,,,
 of which saturates ,2.4g,,Morrisons Trail Mix 200g,1g,5%,20g,,,,,,,,,,,,,,,,,,,,,,,,,,,,,,,
Carbohydrate ,46.4g,,Morrisons Trail Mix 200g,18.6g,,,,,,,,,,,,,,,,,,,,,,,,,,,,,,,,,
 of which sugars ,29.6g,,Morrisons Trail Mix 200g,11.8g,13%,90g,,,,,,,,,,,,,,,,,,,,,,,,,,,,,,,
Fibre ,8g,,Morrisons Trail Mix 200g,3.2g,,,,,,,,,,,,,,,,,,,,,,,,,,,,,,,,,
Protein ,12g,,Morrisons Trail Mix 200g,4.8g,,,,,,,,,,,,,,,,,,,,,,,,,,,,,,,,,
Salt ,trace,,Morrisons Trail Mix 200g,trace,<1%,6g,,,,,,,,,,,,,,,,,,,,,,,,,,,,,,,
*Reference intake of an average adult (8400kJ/2000kcal) (RI),,,Morrisons Trail Mix 200g,,,,,,,,,,,,,,,,,,,,,,,,,,,,,,,,,,
Contains approximately 5 portions,,,Morrisons Trail Mix 200g,,,,,,,,,,,,,,,,,,,,,,,,,,,,,,,,,,
Energy,,,Morrisons Roasted Monkey Nuts  200g,,12%,8400kJ/2000kcal,,,,2434kJ/586kcal,973kJ/234kcal,,,,,,,,,,,,,,,,,,,,,,,,,,
Fat,,,Morrisons Roasted Monkey Nuts  200g,,25%,70g,,,,43.6g,17.4g,,,,,,,,,,,,,,,,,,,,,,,,,,
of which saturates,,,Morrisons Roasted Monkey Nuts  200g,,18%,20g,,,,8.9g,3.6g,,,,,,,,,,,,,,,,,,,,,,,,,,
Carbohydrate,,,Morrisons Roasted Monkey Nuts  200g,,,,,,,19.2g,7.7g,,,,,,,,,,,,,,,,,,,,,,,,,,
of which sugars,,,Morrisons Roasted Monkey Nuts  200g,,3%,90g,,,,6.8g,2.7g,,,,,,,,,,,,,,,,,,,,,,,,,,
Fibre,,,Morrisons Roasted Monkey Nuts  200g,,,,,,,5g,2g,,,,,,,,,,,,,,,,,,,,,,,,,,
Protein,,,Morrisons Roasted Monkey Nuts  200g,,,,,,,26.7g,10.7g,,,,,,,,,,,,,,,,,,,,,,,,,,
Salt,,,Morrisons Roasted Monkey Nuts  200g,,<1%,6g,,,,0.05g,trace,,,,,,,,,,,,,,,,,,,,,,,,,,
*Reference intake of an average adult (8400kJ/2000kcal) (RI),,,Morrisons Roasted Monkey Nuts  200g,,,,,,,,,,,,,,,,,,,,,,,,,,,,,,,,,,
Contains 5 portions,,,Morrisons Roasted Monkey Nuts  200g,,,,,,,,,,,,,,,,,,,,,,,,,,,,,,,,,,
Energy ,241kJ/57kcal,,Morrisons Snack Apple Bag  80g,,,,,,,,,193kJ/46kcal,,,,,,,,,,,,,,,,,,,,,,,,,
Fat ,0.1g,,Morrisons Snack Apple Bag  80g,,,,,,,,,0.1g,,,,,,,,,,,,,,,,,,,,,,,,,
of which saturates ,nil,,Morrisons Snack Apple Bag  80g,,,,,,,,,nil,,,,,,,,,,,,,,,,,,,,,,,,,
Carbohydrate ,12.4g,,Morrisons Snack Apple Bag  80g,,,,,,,,,9.9g,,,,,,,,,,,,,,,,,,,,,,,,,
of which sugars ,12.4g,,Morrisons Snack Apple Bag  80g,,,,,,,,,9.9g,,,,,,,,,,,,,,,,,,,,,,,,,
Fibre ,2.7g,,Morrisons Snack Apple Bag  80g,,,,,,,,,2.2g,,,,,,,,,,,,,,,,,,,,,,,,,
Protein ,0.3g,,Morrisons Snack Apple Bag  80g,,,,,,,,,0.2g,,,,,,,,,,,,,,,,,,,,,,,,,
Salt ,trace,,Morrisons Snack Apple Bag  80g,,,,,,,,,trace,,,,,,,,,,,,,,,,,,,,,,,,,
Energy ,,,Morrisons Melon 320g,,,,,105kJ/25kcal,,,,,,,,,,,,,,,,,,,,,,,,,,,,,
Fat ,,,Morrisons Melon 320g,,,,,0.1g,,,,,,,,,,,,,,,,,,,,,,,,,,,,,
 of which saturates ,,,Morrisons Melon 320g,,,,,Trace,,,,,,,,,,,,,,,,,,,,,,,,,,,,,
Carbohydrate ,,,Morrisons Melon 320g,,,,,4.9g,,,,,,,,,,,,,,,,,,,,,,,,,,,,,
 of which sugars ,,,Morrisons Melon 320g,,,,,4.9g,,,,,,,,,,,,,,,,,,,,,,,,,,,,,
Fibre ,,,Morrisons Melon 320g,,,,,1g,,,,,,,,,,,,,,,,,,,,,,,,,,,,,
Protein ,,,Morrisons Melon 320g,,,,,0.6g,,,,,,,,,,,,,,,,,,,,,,,,,,,,,
Salt ,,,Morrisons Melon 320g,,,,,0.06g,,,,,,,,,,,,,,,,,,,,,,,,,,,,,
Contains 4 portions,,,Morrisons Melon 320g,,,,,,,,,,,,,,,,,,,,,,,,,,,,,,,,,,
Energy ,,,Morrisons Melon & Grape 320g,,,,,146kJ/34kcal,,,,,,,,,,,,,,,,,,,,,,,,,,,,,
Fat ,,,Morrisons Melon & Grape 320g,,,,,0.1g,,,,,,,,,,,,,,,,,,,,,,,,,,,,,
of which saturates ,,,Morrisons Melon & Grape 320g,,,,,Trace,,,,,,,,,,,,,,,,,,,,,,,,,,,,,
Carbohydrate ,,,Morrisons Melon & Grape 320g,,,,,7.2g,,,,,,,,,,,,,,,,,,,,,,,,,,,,,
of which sugars ,,,Morrisons Melon & Grape 320g,,,,,7.2g,,,,,,,,,,,,,,,,,,,,,,,,,,,,,
Fibre ,,,Morrisons Melon & Grape 320g,,,,,1.2g,,,,,,,,,,,,,,,,,,,,,,,,,,,,,
Protein ,,,Morrisons Melon & Grape 320g,,,,,0.6g,,,,,,,,,,,,,,,,,,,,,,,,,,,,,
Salt ,,,Morrisons Melon & Grape 320g,,,,,Trace,,,,,,,,,,,,,,,,,,,,,,,,,,,,,
Contains 4 portions,,,Morrisons Melon & Grape 320g,,,,,,,,,,,,,,,,,,,,,,,,,,,,,,,,,,
Energy ,256kJ/61kcal,,Morrisons Snack Apple & Grape Bag 80g,,,,,,,,,205kJ/48kcal,,,,,,,,,,,,,,,,,,,,,,,,,
Fat ,0.1g,,Morrisons Snack Apple & Grape Bag 80g,,,,,,,,,0.1g,,,,,,,,,,,,,,,,,,,,,,,,,
of which saturates ,nil,,Morrisons Snack Apple & Grape Bag 80g,,,,,,,,,nil,,,,,,,,,,,,,,,,,,,,,,,,,
Carbohydrate ,13.3g,,Morrisons Snack Apple & Grape Bag 80g,,,,,,,,,10.6g,,,,,,,,,,,,,,,,,,,,,,,,,
of which sugars ,13.3g,,Morrisons Snack Apple & Grape Bag 80g,,,,,,,,,10.6g,,,,,,,,,,,,,,,,,,,,,,,,,
Fibre ,2.4g,,Morrisons Snack Apple & Grape Bag 80g,,,,,,,,,1.9g,,,,,,,,,,,,,,,,,,,,,,,,,
Protein ,0.4g,,Morrisons Snack Apple & Grape Bag 80g,,,,,,,,,0.3g,,,,,,,,,,,,,,,,,,,,,,,,,
Salt ,trace,,Morrisons Snack Apple & Grape Bag 80g,,,,,,,,,trace,,,,,,,,,,,,,,,,,,,,,,,,,
Energy ,207kJ/49kcal,,Morrisons Watermelon & Mango 230g,,,,,,,,,,,,,,,,,,,,,,,,,,,,,,,,,,
Fat ,0.3g,,Morrisons Watermelon & Mango 230g,,,,,,,,,,,,,,,,,,,,,,,,,,,,,,,,,,
 of which saturates ,0.1g,,Morrisons Watermelon & Mango 230g,,,,,,,,,,,,,,,,,,,,,,,,,,,,,,,,,,
Carbohydrate ,10.2g,,Morrisons Watermelon & Mango 230g,,,,,,,,,,,,,,,,,,,,,,,,,,,,,,,,,,
 of which sugars ,10.1g,,Morrisons Watermelon & Mango 230g,,,,,,,,,,,,,,,,,,,,,,,,,,,,,,,,,,
Fibre ,1.8g,,Morrisons Watermelon & Mango 230g,,,,,,,,,,,,,,,,,,,,,,,,,,,,,,,,,,
Protein ,0.6g,,Morrisons Watermelon & Mango 230g,,,,,,,,,,,,,,,,,,,,,,,,,,,,,,,,,,
Salt ,trace,,Morrisons Watermelon & Mango 230g,,,,,,,,,,,,,,,,,,,,,,,,,,,,,,,,,,
Contains approx. 3 portions ,,,Morrisons Watermelon & Mango 230g,,,,,,,,,,,,,,,,,,,,,,,,,,,,,,,,,,
Energy ,214kJ/51kcal,,"Morrisons Strawberry Mango, Raspberry & Apple  210g",,,,,,,,,,,,,,,,,,,,,,,,,,,,,,,,,,
Fat ,0.4g,,"Morrisons Strawberry Mango, Raspberry & Apple  210g",,,,,,,,,,,,,,,,,,,,,,,,,,,,,,,,,,
of which saturates ,0.1g,,"Morrisons Strawberry Mango, Raspberry & Apple  210g",,,,,,,,,,,,,,,,,,,,,,,,,,,,,,,,,,
Carbohydrate ,10.3g,,"Morrisons Strawberry Mango, Raspberry & Apple  210g",,,,,,,,,,,,,,,,,,,,,,,,,,,,,,,,,,
of which sugars ,10.2g,,"Morrisons Strawberry Mango, Raspberry & Apple  210g",,,,,,,,,,,,,,,,,,,,,,,,,,,,,,,,,,
Fibre ,1.6g,,"Morrisons Strawberry Mango, Raspberry & Apple  210g",,,,,,,,,,,,,,,,,,,,,,,,,,,,,,,,,,
Protein ,0.7g,,"Morrisons Strawberry Mango, Raspberry & Apple  210g",,,,,,,,,,,,,,,,,,,,,,,,,,,,,,,,,,
Salt ,trace,,"Morrisons Strawberry Mango, Raspberry & Apple  210g",,,,,,,,,,,,,,,,,,,,,,,,,,,,,,,,,,
Contains approx. 3 portions,,,"Morrisons Strawberry Mango, Raspberry & Apple  210g",,,,,,,,,,,,,,,,,,,,,,,,,,,,,,,,,,
Energy ,271kJ/64kcal,,"Morrisons Apple, Banana, Grape & Strawberry  220g",,,,,,,,,,,,,,,,,,,,,,,,,,,,,,,,,,
Fat ,0.3g,,"Morrisons Apple, Banana, Grape & Strawberry  220g",,,,,,,,,,,,,,,,,,,,,,,,,,,,,,,,,,
 of which saturates ,nil,,"Morrisons Apple, Banana, Grape & Strawberry  220g",,,,,,,,,,,,,,,,,,,,,,,,,,,,,,,,,,
Carbohydrate ,14.1g,,"Morrisons Apple, Banana, Grape & Strawberry  220g",,,,,,,,,,,,,,,,,,,,,,,,,,,,,,,,,,
 of which sugars ,13.6g,,"Morrisons Apple, Banana, Grape & Strawberry  220g",,,,,,,,,,,,,,,,,,,,,,,,,,,,,,,,,,
Fibre ,0.9g,,"Morrisons Apple, Banana, Grape & Strawberry  220g",,,,,,,,,,,,,,,,,,,,,,,,,,,,,,,,,,
Protein ,0.8g,,"Morrisons Apple, Banana, Grape & Strawberry  220g",,,,,,,,,,,,,,,,,,,,,,,,,,,,,,,,,,
Salt ,trace,,"Morrisons Apple, Banana, Grape & Strawberry  220g",,,,,,,,,,,,,,,,,,,,,,,,,,,,,,,,,,
Energy ,,,Morrisons Pineapple & Melon Fingers  240g,,,,,133kJ/32kcal,,,,,,,,,,,,,,,,,,,,,,,,,,,,,
Fat ,,,Morrisons Pineapple & Melon Fingers  240g,,,,,0.1g,,,,,,,,,,,,,,,,,,,,,,,,,,,,,
of which saturates ,,,Morrisons Pineapple & Melon Fingers  240g,,,,,trace,,,,,,,,,,,,,,,,,,,,,,,,,,,,,
Carbohydrate ,,,Morrisons Pineapple & Melon Fingers  240g,,,,,6.4g,,,,,,,,,,,,,,,,,,,,,,,,,,,,,
of which sugars ,,,Morrisons Pineapple & Melon Fingers  240g,,,,,6.4g,,,,,,,,,,,,,,,,,,,,,,,,,,,,,
Fibre ,,,Morrisons Pineapple & Melon Fingers  240g,,,,,1.3g,,,,,,,,,,,,,,,,,,,,,,,,,,,,,
Protein ,,,Morrisons Pineapple & Melon Fingers  240g,,,,,0.5g,,,,,,,,,,,,,,,,,,,,,,,,,,,,,
Salt ,,,Morrisons Pineapple & Melon Fingers  240g,,,,,trace,,,,,,,,,,,,,,,,,,,,,,,,,,,,,
Contains 3 portions ,,,Morrisons Pineapple & Melon Fingers  240g,,,,,,,,,,,,,,,,,,,,,,,,,,,,,,,,,,
Energy,1949kJ/467kcal,,Morrisons The Best Fruit Nut & Choc Mix 200g,780kJ/187kcal,9%,8400kJ/2000kcal,,,,,,,,,,,,,,,,,,,,,,,,,,,,,,,
Fat,25.6g,,Morrisons The Best Fruit Nut & Choc Mix 200g,10.2g,15%,70g,,,,,,,,,,,,,,,,,,,,,,,,,,,,,,,
 of which saturates,5.9g,,Morrisons The Best Fruit Nut & Choc Mix 200g,2.4g,12%,20g,,,,,,,,,,,,,,,,,,,,,,,,,,,,,,,
Carbohydrate,47.7g,,Morrisons The Best Fruit Nut & Choc Mix 200g,19.1g,,,,,,,,,,,,,,,,,,,,,,,,,,,,,,,,,
 of which sugars,46g,,Morrisons The Best Fruit Nut & Choc Mix 200g,18.4g,20%,90g,,,,,,,,,,,,,,,,,,,,,,,,,,,,,,,
Fibre,7.5g,,Morrisons The Best Fruit Nut & Choc Mix 200g,3g,,,,,,,,,,,,,,,,,,,,,,,,,,,,,,,,,
Protein,7.7g,,Morrisons The Best Fruit Nut & Choc Mix 200g,3.1g,,,,,,,,,,,,,,,,,,,,,,,,,,,,,,,,,
Salt,0.08g,,Morrisons The Best Fruit Nut & Choc Mix 200g,trace,1%,6g,,,,,,,,,,,,,,,,,,,,,,,,,,,,,,,
*Reference intake of an average adult (8400kJ/2000kcal) (RI),,,Morrisons The Best Fruit Nut & Choc Mix 200g,,,,,,,,,,,,,,,,,,,,,,,,,,,,,,,,,,
Contains 5 portions,,,Morrisons The Best Fruit Nut & Choc Mix 200g,,,,,,,,,,,,,,,,,,,,,,,,,,,,,,,,,,
Energy ,2764kJ/669kcal,,Morrisons The Best Mixed Nuts 200g,1106kJ/268kcal,13%,8400kJ/2000kcal,,,,,,,,,,,,,,,,,,,,,,,,,,,,,,,
Fat ,60.8g,,Morrisons The Best Mixed Nuts 200g,24.3g,35%,70g,,,,,,,,,,,,,,,,,,,,,,,,,,,,,,,
 of which saturates ,7.3g,,Morrisons The Best Mixed Nuts 200g,2.9g,15%,20g,,,,,,,,,,,,,,,,,,,,,,,,,,,,,,,
Carbohydrate ,9.5g,,Morrisons The Best Mixed Nuts 200g,3.8g,,,,,,,,,,,,,,,,,,,,,,,,,,,,,,,,,
 of which sugars ,3.7g,,Morrisons The Best Mixed Nuts 200g,1.5g,2%,90g,,,,,,,,,,,,,,,,,,,,,,,,,,,,,,,
Fibre ,4.6g,,Morrisons The Best Mixed Nuts 200g,1.8g,,,,,,,,,,,,,,,,,,,,,,,,,,,,,,,,,
Protein ,18.6g,,Morrisons The Best Mixed Nuts 200g,7.4g,,,,,,,,,,,,,,,,,,,,,,,,,,,,,,,,,
Salt ,0.1g,,Morrisons The Best Mixed Nuts 200g,trace,<1%,6g,,,,,,,,,,,,,,,,,,,,,,,,,,,,,,,
*Reference intake of an average adult (8400kJ/2000kcal) (RI),,,Morrisons The Best Mixed Nuts 200g,,,,,,,,,,,,,,,,,,,,,,,,,,,,,,,,,,
Contains approximately 5 portions,,,Morrisons The Best Mixed Nuts 200g,,,,,,,,,,,,,,,,,,,,,,,,,,,,,,,,,,
Energy ,83kJ/20kcal,,Morrisons Unwaxed Lemons Bumper Pack 4 per pack,,,,,,,,,,66kJ/16kcal,0.8%,2000kcal,,,,,,,,,,,,,,,,,,,,,,
Protein ,1.0g,,Morrisons Unwaxed Lemons Bumper Pack 4 per pack,,,,,,,,,,0.8g,,,,,,,,,,,,,,,,,,,,,,,,
Carbohydrates,3.2g,,Morrisons Unwaxed Lemons Bumper Pack 4 per pack,,,,,,,,,,2.6g,,,,,,,,,,,,,,,,,,,,,,,,
of which sugars ,3.2g,,Morrisons Unwaxed Lemons Bumper Pack 4 per pack,,,,,,,,,,2.6g,2.9%,90g,,,,,,,,,,,,,,,,,,,,,,
Fat ,0.3g,,Morrisons Unwaxed Lemons Bumper Pack 4 per pack,,,,,,,,,,0.2g,0.3%,70g,,,,,,,,,,,,,,,,,,,,,,
of which saturates ,0.1g,,Morrisons Unwaxed Lemons Bumper Pack 4 per pack,,,,,,,,,,trace,trace,20g,,,,,,,,,,,,,,,,,,,,,,
Fibre ,nil,,Morrisons Unwaxed Lemons Bumper Pack 4 per pack,,,,,,,,,,nil,,,,,,,,,,,,,,,,,,,,,,,,
Sodium ,trace,,Morrisons Unwaxed Lemons Bumper Pack 4 per pack,,,,,,,,,,trace,,,,,,,,,,,,,,,,,,,,,,,,
Salt equivalent ,trace,,Morrisons Unwaxed Lemons Bumper Pack 4 per pack,,,,,,,,,,trace,trace,6g,,,,,,,,,,,,,,,,,,,,,,
*Recommended guideline daily amounts for adults (GDA),,,Morrisons Unwaxed Lemons Bumper Pack 4 per pack,,,,,,,,,,,,,,,,,,,,,,,,,,,,,,,,,,
Energy ,,,"Morrisons Orange, Apple & Grape  132g",,,,,220kJ/52kcal,,,,,,,,,,,,,,,,,,,,,,,,,,,,,
Fat ,,,"Morrisons Orange, Apple & Grape  132g",,,,,0.3g,,,,,,,,,,,,,,,,,,,,,,,,,,,,,
 of which saturates ,,,"Morrisons Orange, Apple & Grape  132g",,,,,0.1g,,,,,,,,,,,,,,,,,,,,,,,,,,,,,
Carbohydrate ,,,"Morrisons Orange, Apple & Grape  132g",,,,,11g,,,,,,,,,,,,,,,,,,,,,,,,,,,,,
 of which sugars ,,,"Morrisons Orange, Apple & Grape  132g",,,,,11g,,,,,,,,,,,,,,,,,,,,,,,,,,,,,
Fibre ,,,"Morrisons Orange, Apple & Grape  132g",,,,,1.2g,,,,,,,,,,,,,,,,,,,,,,,,,,,,,
Protein ,,,"Morrisons Orange, Apple & Grape  132g",,,,,0.7g,,,,,,,,,,,,,,,,,,,,,,,,,,,,,
Salt ,,,"Morrisons Orange, Apple & Grape  132g",,,,,trace,,,,,,,,,,,,,,,,,,,,,,,,,,,,,
Energy Kj,199,,Morrisons Pink Lady Apples 4 per pack,,,,,,,,,,,,,,8400,,,,,,,,,,,,,,,,,,,,
Energy kcal,47,,Morrisons Pink Lady Apples 4 per pack,,,,,,,,,,,,,2%,2000,,,,,,,,,,,,,,,,,,,,
Fat ,<0.5g,,Morrisons Pink Lady Apples 4 per pack,,,,,,,,,,,,,<1%,70g,,,,,,,,,,,,,,,,,,,,
of which saturates ,<0.1g,,Morrisons Pink Lady Apples 4 per pack,,,,,,,,,,,,,<1%,20g,,,,,,,,,,,,,,,,,,,,
Carbohydrate ,12.0g,,Morrisons Pink Lady Apples 4 per pack,,,,,,,,,,,,,5%,260g,,,,,,,,,,,,,,,,,,,,
of which sugars ,12.0g,,Morrisons Pink Lady Apples 4 per pack,,,,,,,,,,,,,13%,90g,,,,,,,,,,,,,,,,,,,,
Fibre,1.8g,,Morrisons Pink Lady Apples 4 per pack,,,,,,,,,,,,,-,-,,,,,,,,,,,,,,,,,,,,
Protein ,<0.5g,,Morrisons Pink Lady Apples 4 per pack,,,,,,,,,,,,,<1%,50g,,,,,,,,,,,,,,,,,,,,
Salt ,<0.01g,,Morrisons Pink Lady Apples 4 per pack,,,,,,,,,,,,,<1%,6g,,,,,,,,,,,,,,,,,,,,
RI = Reference Intakes of an average adult (8400kj/2000kcal),,,Morrisons Pink Lady Apples 4 per pack,,,,,,,,,,,,,,,,,,,,,,,,,,,,,,,,,,
Energy ,226kJ/53kcal,180kJ/43kcal,Morrisons Braeburn Apples 6 per pack,,,,,,,,,,,,2000kcal,,,2.2%,,,,,,,,,,,,,,,,,,,
Protein ,0.4g,0.3g,Morrisons Braeburn Apples 6 per pack,,,,,,,,,,,,,,,,,,,,,,,,,,,,,,,,,,
Carbohydrates,11.8g,9.4g,Morrisons Braeburn Apples 6 per pack,,,,,,,,,,,,,,,,,,,,,,,,,,,,,,,,,,
of which sugars ,11.8g,9.4g,Morrisons Braeburn Apples 6 per pack,,,,,,,,,,,,90g,,,10%,,,,,,,,,,,,,,,,,,,
Fat ,0.1g,trace,Morrisons Braeburn Apples 6 per pack,,,,,,,,,,,,70g,,,trace,,,,,,,,,,,,,,,,,,,
of which saturates ,trace,trace,Morrisons Braeburn Apples 6 per pack,,,,,,,,,,,,20g,,,trace,,,,,,,,,,,,,,,,,,,
Fibre ,1.8g,1.4g,Morrisons Braeburn Apples 6 per pack,,,,,,,,,,,,,,,,,,,,,,,,,,,,,,,,,,
Sodium ,trace,trace,Morrisons Braeburn Apples 6 per pack,,,,,,,,,,,,,,,,,,,,,,,,,,,,,,,,,,
Salt equivalent ,trace,trace,Morrisons Braeburn Apples 6 per pack,,,,,,,,,,,,6g,,,trace,,,,,,,,,,,,,,,,,,,
*Recommended guideline daily amounts for adults (GDA),,,Morrisons Braeburn Apples 6 per pack,,,,,,,,,,,,,,,,,,,,,,,,,,,,,,,,,,
Energy ,196kJ/46kcal,,Morrisons Pineapple ,,,,,,,,,,,,2000kcal,,,,156kJ/37kcal,1.9%,,,,,,,,,,,,,,,,,
Protein ,0.4g,,Morrisons Pineapple ,,,,,,,,,,,,,,,,0.3g,,,,,,,,,,,,,,,,,,
Carbohydrates ,10.1g,,Morrisons Pineapple ,,,,,,,,,,,,,,,,8.1g,,,,,,,,,,,,,,,,,,
 of which sugars ,10.1g,,Morrisons Pineapple ,,,,,,,,,,,,90g,,,,8.1g,9%,,,,,,,,,,,,,,,,,
Fat ,0.2g,,Morrisons Pineapple ,,,,,,,,,,,,70g,,,,0.2g,0.3%,,,,,,,,,,,,,,,,,
 of which saturates ,trace,,Morrisons Pineapple ,,,,,,,,,,,,20g,,,,trace,trace,,,,,,,,,,,,,,,,,
Fibre ,1.2g,,Morrisons Pineapple ,,,,,,,,,,,,,,,,1g,,,,,,,,,,,,,,,,,,
Sodium ,trace,,Morrisons Pineapple ,,,,,,,,,,,,,,,,trace,,,,,,,,,,,,,,,,,,
Salt equivalent ,trace,,Morrisons Pineapple ,,,,,,,,,,,,6g,,,,trace,trace,,,,,,,,,,,,,,,,,
*Recommended guideline daily amounts for adults (GDA),,,Morrisons Pineapple ,,,,,,,,,,,,,,,,,,,,,,,,,,,,,,,,,,
Energy ,196kJ/47kcal,,Morrisons Sweet Pears Min 5 Per Pack ,,,,,,,,,,,,2000kcal,,,,,,157kJ/37kcal,1.9%,,,,,,,,,,,,,,,
Protein ,0.3g,,Morrisons Sweet Pears Min 5 Per Pack ,,,,,,,,,,,,,,,,,,0.2g,,,,,,,,,,,,,,,,
Carbohydrates,10g,,Morrisons Sweet Pears Min 5 Per Pack ,,,,,,,,,,,,,,,,,,8g,,,,,,,,,,,,,,,,
of which sugars ,10g,,Morrisons Sweet Pears Min 5 Per Pack ,,,,,,,,,,,,90g,,,,,,8g,8.9%,,,,,,,,,,,,,,,
Fat ,0.1g,,Morrisons Sweet Pears Min 5 Per Pack ,,,,,,,,,,,,70g,,,,,,trace,trace,,,,,,,,,,,,,,,
of which saturates ,trace,,Morrisons Sweet Pears Min 5 Per Pack ,,,,,,,,,,,,20g,,,,,,trace,trace,,,,,,,,,,,,,,,
Fibre ,2.2g,,Morrisons Sweet Pears Min 5 Per Pack ,,,,,,,,,,,,,,,,,,1.8g,,,,,,,,,,,,,,,,
Sodium ,trace,,Morrisons Sweet Pears Min 5 Per Pack ,,,,,,,,,,,,,,,,,,trace,,,,,,,,,,,,,,,,
Salt equivalent ,trace,,Morrisons Sweet Pears Min 5 Per Pack ,,,,,,,,,,,,6g,,,,,,trace,trace,,,,,,,,,,,,,,,
*Recommended guideline daily amounts for adults (GDA),,,Morrisons Sweet Pears Min 5 Per Pack ,,,,,,,,,,,,,,,,,,,,,,,,,,,,,,,,,,
Energy,233kJ/55kcal,,Morrisons Kiwi 6 per pack,,,,,,,,,,,,2000kcal,,,,,2.2%,,,186kJ/44kcal,,,,,,,,,,,,,,
Protein,1.1g,,Morrisons Kiwi 6 per pack,,,,,,,,,,,,,,,,,,,,0.9g,,,,,,,,,,,,,,
Carbohydrates,10.6g,,Morrisons Kiwi 6 per pack,,,,,,,,,,,,,,,,,,,,8.5g,,,,,,,,,,,,,,
of which sugars,10.3g,,Morrisons Kiwi 6 per pack,,,,,,,,,,,,90g,,,,,9.1%,,,8.2g,,,,,,,,,,,,,,
Fat,0.5g,,Morrisons Kiwi 6 per pack,,,,,,,,,,,,70g,,,,,0.6%,,,0.4g,,,,,,,,,,,,,,
of which saturates,nil,,Morrisons Kiwi 6 per pack,,,,,,,,,,,,20g,,,,,nil,,,nil,,,,,,,,,,,,,,
Fibre,1.9g,,Morrisons Kiwi 6 per pack,,,,,,,,,,,,,,,,,,,,1.5g,,,,,,,,,,,,,,
Sodium,trace,,Morrisons Kiwi 6 per pack,,,,,,,,,,,,,,,,,,,,trace,,,,,,,,,,,,,,
Salt equivalent,trace,,Morrisons Kiwi 6 per pack,,,,,,,,,,,,6g,,,,,trace,,,trace,,,,,,,,,,,,,,
*Recommended guideline daily amount for adults (GDA),,,Morrisons Kiwi 6 per pack,,,,,,,,,,,,.,,,,,,,,,,,,,,,,,,,,,,
Energy ,226kJ/53kcal,180kJ/43kcal,Morrisons Golden Delicious Apples  6 per pack,,,,,,,,,,,,2000kcal,,,2.2%,,,,,,,,,,,,,,,,,,,
Protein ,0.4g,0.3g,Morrisons Golden Delicious Apples  6 per pack,,,,,,,,,,,,,,,,,,,,,,,,,,,,,,,,,,
Carbohydrates ,11.8g,9.4g,Morrisons Golden Delicious Apples  6 per pack,,,,,,,,,,,,,,,,,,,,,,,,,,,,,,,,,,
of which sugars ,11.8g,9.4g,Morrisons Golden Delicious Apples  6 per pack,,,,,,,,,,,,90g,,,10%,,,,,,,,,,,,,,,,,,,
Fat ,0.1g,trace,Morrisons Golden Delicious Apples  6 per pack,,,,,,,,,,,,70g,,,trace,,,,,,,,,,,,,,,,,,,
of which saturates ,trace,trace,Morrisons Golden Delicious Apples  6 per pack,,,,,,,,,,,,20g,,,trace,,,,,,,,,,,,,,,,,,,
Fibre ,1.8g,1.4g,Morrisons Golden Delicious Apples  6 per pack,,,,,,,,,,,,,,,,,,,,,,,,,,,,,,,,,,
Sodium ,trace,trace,Morrisons Golden Delicious Apples  6 per pack,,,,,,,,,,,,,,,,,,,,,,,,,,,,,,,,,,
Salt equivalent ,trace,trace,Morrisons Golden Delicious Apples  6 per pack,,,,,,,,,,,,6g,,,trace,,,,,,,,,,,,,,,,,,,
*Recommended guideline daily amounts for adults (GDA),,,Morrisons Golden Delicious Apples  6 per pack,,,,,,,,,,,,,,,,,,,,,,,,,,,,,,,,,,
Energy ,,,Morrisons Pomegranate  100g,,,,,266kJ/63kcal,,,,,,,,,,,,,,,,,,,,,,,,,,,,,
Fat ,,,Morrisons Pomegranate  100g,,,,,0.2g,,,,,,,,,,,,,,,,,,,,,,,,,,,,,
of which saturates ,,,Morrisons Pomegranate  100g,,,,,trace,,,,,,,,,,,,,,,,,,,,,,,,,,,,,
Carbohydrate ,,,Morrisons Pomegranate  100g,,,,,11.8g,,,,,,,,,,,,,,,,,,,,,,,,,,,,,
of which sugars ,,,Morrisons Pomegranate  100g,,,,,11.8g,,,,,,,,,,,,,,,,,,,,,,,,,,,,,
Fibre ,,,Morrisons Pomegranate  100g,,,,,4.5g,,,,,,,,,,,,,,,,,,,,,,,,,,,,,
Protein ,,,Morrisons Pomegranate  100g,,,,,1.3g,,,,,,,,,,,,,,,,,,,,,,,,,,,,,
Salt ,,,Morrisons Pomegranate  100g,,,,,trace,,,,,,,,,,,,,,,,,,,,,,,,,,,,,
Energy ,226kJ/53kcal,180kJ/43kcal,Morrisons Dessert Apples  1.8kg,,,,,,,,,,,,2000kcal,,,,,,,,,2.2%,,,,,,,,,,,,,
Protein ,0.4g,0.3g,Morrisons Dessert Apples  1.8kg,,,,,,,,,,,,,,,,,,,,,,,,,,,,,,,,,,
Carbohydrates,11.8g,9.4g,Morrisons Dessert Apples  1.8kg,,,,,,,,,,,,,,,,,,,,,,,,,,,,,,,,,,
of which sugars,11.8g,9.4g,Morrisons Dessert Apples  1.8kg,,,,,,,,,,,,90g,,,,,,,,,10%,,,,,,,,,,,,,
Fat ,0.1g,trace,Morrisons Dessert Apples  1.8kg,,,,,,,,,,,,70g,,,,,,,,,trace,,,,,,,,,,,,,
of which saturates ,trace,trace,Morrisons Dessert Apples  1.8kg,,,,,,,,,,,,20g,,,,,,,,,trace,,,,,,,,,,,,,
Fibre ,1.8g,1.4g,Morrisons Dessert Apples  1.8kg,,,,,,,,,,,,,,,,,,,,,,,,,,,,,,,,,,
Sodium ,trace,trace,Morrisons Dessert Apples  1.8kg,,,,,,,,,,,,,,,,,,,,,,,,,,,,,,,,,,
Salt equivalent ,trace,trace,Morrisons Dessert Apples  1.8kg,,,,,,,,,,,,6g,,,,,,,,,trace,,,,,,,,,,,,,
*Recommended guideline daily amounts for adults (GDA),,,Morrisons Dessert Apples  1.8kg,,,,,,,,,,,,,,,,,,,,,,,,,,,,,,,,,,
Energy ,1070kJ/253kcal,,Morrisons Soft Apricots  250g,,,8400kJ/2000kcal,,,,,,,,,,,,,,,,,,,321kJ/76kcal,4%,,,,,,,,,,,
Fat ,0.5g,,Morrisons Soft Apricots  250g,,,70g,,,,,,,,,,,,,,,,,,,0.2g,<1%,,,,,,,,,,,
 of which saturates ,trace,,Morrisons Soft Apricots  250g,,,20g,,,,,,,,,,,,,,,,,,,trace,<1%,,,,,,,,,,,
Carbohydrate ,55g,,Morrisons Soft Apricots  250g,,,,,,,,,,,,,,,,,,,,,,17g,,,,,,,,,,,,
 of which sugars ,53g,,Morrisons Soft Apricots  250g,,,90g,,,,,,,,,,,,,,,,,,,16g,18%,,,,,,,,,,,
Fibre ,7.3g,,Morrisons Soft Apricots  250g,,,,,,,,,,,,,,,,,,,,,,2.2g,,,,,,,,,,,,
Protein ,3.4g,,Morrisons Soft Apricots  250g,,,,,,,,,,,,,,,,,,,,,,1g,,,,,,,,,,,,
Salt ,0.03g,,Morrisons Soft Apricots  250g,,,6g,,,,,,,,,,,,,,,,,,,0.01g,<1%,,,,,,,,,,,
*Reference intake of an average adult (8400kJ/2000kcal) (RI),,,Morrisons Soft Apricots  250g,,,,,,,,,,,,,,,,,,,,,,,,,,,,,,,,,,
Contains approx. 8 portions,,,Morrisons Soft Apricots  250g,,,,,,,,,,,,,,,,,,,,,,,,,,,,,,,,,,
Energy ,,,Morrisons Mango 150g,,,,,278kJ/66kcal,,,,,,,,,,,,,,,,,,,,,,,,,,,,,
Fat ,,,Morrisons Mango 150g,,,,,0.2g,,,,,,,,,,,,,,,,,,,,,,,,,,,,,
 of which saturates ,,,Morrisons Mango 150g,,,,,0.1g,,,,,,,,,,,,,,,,,,,,,,,,,,,,,
Carbohydrate ,,,Morrisons Mango 150g,,,,,13.6g,,,,,,,,,,,,,,,,,,,,,,,,,,,,,
 of which sugars ,,,Morrisons Mango 150g,,,,,13.3g,,,,,,,,,,,,,,,,,,,,,,,,,,,,,
Fibre ,,,Morrisons Mango 150g,,,,,3.5g,,,,,,,,,,,,,,,,,,,,,,,,,,,,,
Protein ,,,Morrisons Mango 150g,,,,,0.7g,,,,,,,,,,,,,,,,,,,,,,,,,,,,,
Salt ,,,Morrisons Mango 150g,,,,,trace,,,,,,,,,,,,,,,,,,,,,,,,,,,,,
Energy ,226kJ/53kcal,,Morrisons  Organic Apples  Min 6 Per Pack 6 per pack,,,,,,,,,,,,,,,,,,,,,,,,180kJ/43kcal,,,,,,,,,,
Protein ,0.4g,,Morrisons  Organic Apples  Min 6 Per Pack 6 per pack,,,,,,,,,,,,,,,,,,,,,,,,0.3g,,,,,,,,,,
Carbohydrates,11.8g,,Morrisons  Organic Apples  Min 6 Per Pack 6 per pack,,,,,,,,,,,,,,,,,,,,,,,,9.4g,,,,,,,,,,
 of which sugars ,11.8g,,Morrisons  Organic Apples  Min 6 Per Pack 6 per pack,,,,,,,,,,,,,,,,,,,,,,,,9.4g,,,,,,,,,,
Fat ,0.1g,,Morrisons  Organic Apples  Min 6 Per Pack 6 per pack,,,,,,,,,,,,,,,,,,,,,,,,trace,,,,,,,,,,
 of which saturates ,trace,,Morrisons  Organic Apples  Min 6 Per Pack 6 per pack,,,,,,,,,,,,,,,,,,,,,,,,trace,,,,,,,,,,
Fibre ,1.8g,,Morrisons  Organic Apples  Min 6 Per Pack 6 per pack,,,,,,,,,,,,,,,,,,,,,,,,1.4g,,,,,,,,,,
Sodium ,trace,,Morrisons  Organic Apples  Min 6 Per Pack 6 per pack,,,,,,,,,,,,,,,,,,,,,,,,trace,,,,,,,,,,
Salt equivalent ,trace,,Morrisons  Organic Apples  Min 6 Per Pack 6 per pack,,,,,,,,,,,,,,,,,,,,,,,,trace,,,,,,,,,,
Energy ,2859kJ/693kcal,,Morrisons Pine Nuts  100g,1144kJ/277kcal,,,,,,,,,,,,,,,,,,,,,,,,,,,,,,,,,
Fat ,68.6g,,Morrisons Pine Nuts  100g,27.4g,,,,,,,,,,,,,,,,,,,,,,,,,,,,,,,,,
 of which saturates ,4.6g,,Morrisons Pine Nuts  100g,1.8g,,,,,,,,,,,,,,,,,,,,,,,,,,,,,,,,,
Carbohydrate ,4g,,Morrisons Pine Nuts  100g,1.6g,,,,,,,,,,,,,,,,,,,,,,,,,,,,,,,,,
 of which sugars ,3.9g,,Morrisons Pine Nuts  100g,1.6g,,,,,,,,,,,,,,,,,,,,,,,,,,,,,,,,,
Fibre ,1.9g,,Morrisons Pine Nuts  100g,0.8g,,,,,,,,,,,,,,,,,,,,,,,,,,,,,,,,,
Protein ,14g,,Morrisons Pine Nuts  100g,5.6g,,,,,,,,,,,,,,,,,,,,,,,,,,,,,,,,,
Salt ,Trace,,Morrisons Pine Nuts  100g,Trace,,,,,,,,,,,,,,,,,,,,,,,,,,,,,,,,,
Vitamins and minerals,,,Morrisons Pine Nuts  100g,,,,,,,,,,,,,,,,,,,,,,,,,,,,,,,,,,
Vitamin E ,13.7mg (114% RI),,Morrisons Pine Nuts  100g,5.5mg (46% RI),,,,,,,,,,,,,,,,,,,,,,,,,,,,,,,,,
Contains approximately 2 portions,,,Morrisons Pine Nuts  100g,,,,,,,,,,,,,,,,,,,,,,,,,,,,,,,,,,
Energy ,139kJ/33kcal,,Morrisons Watermelon Wedges 550g,,,,111kJ/26kcal,,,,,,,,,,,,,,,,,,,,,,,,,,,,,,
Fat ,0.3g,,Morrisons Watermelon Wedges 550g,,,,0.2g,,,,,,,,,,,,,,,,,,,,,,,,,,,,,,
of which saturates ,0.1g,,Morrisons Watermelon Wedges 550g,,,,0.1g,,,,,,,,,,,,,,,,,,,,,,,,,,,,,,
Carbohydrate ,6.9g,,Morrisons Watermelon Wedges 550g,,,,5.5g,,,,,,,,,,,,,,,,,,,,,,,,,,,,,,
of which sugars ,6.9g,,Morrisons Watermelon Wedges 550g,,,,5.5g,,,,,,,,,,,,,,,,,,,,,,,,,,,,,,
Fibre ,0.5g,,Morrisons Watermelon Wedges 550g,,,,0.4g,,,,,,,,,,,,,,,,,,,,,,,,,,,,,,
Protein ,0.4g,,Morrisons Watermelon Wedges 550g,,,,0.3g,,,,,,,,,,,,,,,,,,,,,,,,,,,,,,
Salt ,trace,,Morrisons Watermelon Wedges 550g,,,,trace,,,,,,,,,,,,,,,,,,,,,,,,,,,,,,
Contains approximately 6 portions,,,Morrisons Watermelon Wedges 550g,,,,,,,,,,,,,,,,,,,,,,,,,,,,,,,,,,
Energy ,2510kJ/607kcal,,Morrisons Savers Mixed Nuts        200g,,,,,,,,,,,,2000kcal,,,,,,,,,,,,,1255kJ/303kcal,15%,,,,,,,,
Protein ,22.5g,,Morrisons Savers Mixed Nuts        200g,,,,,,,,,,,,,,,,,,,,,,,,,11.3g,,,,,,,,,
Carbohydrates ,10g,,Morrisons Savers Mixed Nuts        200g,,,,,,,,,,,,,,,,,,,,,,,,,5g,,,,,,,,,
 of which sugars ,5.3g,,Morrisons Savers Mixed Nuts        200g,,,,,,,,,,,,90g,,,,,,,,,,,,,2.7g,3%,,,,,,,,
Fat ,51.5g,,Morrisons Savers Mixed Nuts        200g,,,,,,,,,,,,70g,,,,,,,,,,,,,25.8g,37%,,,,,,,,
 of which saturates ,6.8g,,Morrisons Savers Mixed Nuts        200g,,,,,,,,,,,,20g,,,,,,,,,,,,,3.4g,17%,,,,,,,,
Fibre ,6.5g,,Morrisons Savers Mixed Nuts        200g,,,,,,,,,,,,,,,,,,,,,,,,,3.3g,,,,,,,,,
Sodium ,trace,,Morrisons Savers Mixed Nuts        200g,,,,,,,,,,,,,,,,,,,,,,,,,trace,,,,,,,,,
Salt equivalent ,trace,,Morrisons Savers Mixed Nuts        200g,,,,,,,,,,,,6g,,,,,,,,,,,,,trace,trace,,,,,,,,
*Recommended guideline daily amounts for adults (GDA),,,Morrisons Savers Mixed Nuts        200g,,,,,,,,,,,,,,,,,,,,,,,,,,,,,,,,,,
Energy,266kJ/63kcal,,Morrisons Pomegranate 250g,,,,,,,,,,,,,,,,,,,,,,,,,,,,,,,,,,
Fat,0.2g,,Morrisons Pomegranate 250g,,,,,,,,,,,,,,,,,,,,,,,,,,,,,,,,,,
of which saturates,trace,,Morrisons Pomegranate 250g,,,,,,,,,,,,,,,,,,,,,,,,,,,,,,,,,,
Carbohydrate,11.8g,,Morrisons Pomegranate 250g,,,,,,,,,,,,,,,,,,,,,,,,,,,,,,,,,,
of which sugars,11.8g,,Morrisons Pomegranate 250g,,,,,,,,,,,,,,,,,,,,,,,,,,,,,,,,,,
Fibre,4.5g,,Morrisons Pomegranate 250g,,,,,,,,,,,,,,,,,,,,,,,,,,,,,,,,,,
Protein,1.3g,,Morrisons Pomegranate 250g,,,,,,,,,,,,,,,,,,,,,,,,,,,,,,,,,,
Salt,trace,,Morrisons Pomegranate 250g,,,,,,,,,,,,,,,,,,,,,,,,,,,,,,,,,,
Contains approx. 3 portions,,,Morrisons Pomegranate 250g,,,,,,,,,,,,,,,,,,,,,,,,,,,,,,,,,,
Energy ,1430kJ/338kcal,,Morrisons Eat Smart Apple Crisps  20g,,,8400kJ/2000kcal,,,,,,,,,,,,,,,,,,,,,,,,286kJ/68kcal,3%,,,,,,
Fat ,0.7g,,Morrisons Eat Smart Apple Crisps  20g,,,70g,,,,,,,,,,,,,,,,,,,,,,,,0.1g,<1%,,,,,,
of which saturates ,0.1g,,Morrisons Eat Smart Apple Crisps  20g,,,20g,,,,,,,,,,,,,,,,,,,,,,,,trace,<1%,,,,,,
Carbohydrate ,75.3g,,Morrisons Eat Smart Apple Crisps  20g,,,,,,,,,,,,,,,,,,,,,,,,,,,15.1g,,,,,,,
of which sugars ,70.1g,,Morrisons Eat Smart Apple Crisps  20g,,,90g,,,,,,,,,,,,,,,,,,,,,,,,14g,16%,,,,,,
Fibre ,11.4g,,Morrisons Eat Smart Apple Crisps  20g,,,,,,,,,,,,,,,,,,,,,,,,,,,2.3g,,,,,,,
Protein ,1.9g,,Morrisons Eat Smart Apple Crisps  20g,,,,,,,,,,,,,,,,,,,,,,,,,,,0.4g,,,,,,,
Salt ,trace,,Morrisons Eat Smart Apple Crisps  20g,,,6g,,,,,,,,,,,,,,,,,,,,,,,,trace,<1%,,,,,,
*Reference intake of an average adult (8400kJ/2000kcal) (RI),,,Morrisons Eat Smart Apple Crisps  20g,,,,,,,,,,,,,,,,,,,,,,,,,,,,,,,,,,
Energy ,2542kJ/615kcal,,Morrisons Salted Pistachios 260g,1017kJ/246kcal,12%,8400kJ/2000kcal,,,,,,,,,,,,,,,,,,,,,,,,,,,,,,,
Fat ,55.4g,,Morrisons Salted Pistachios 260g,22.2g,32%,70g,,,,,,,,,,,,,,,,,,,,,,,,,,,,,,,
 of which saturates ,7.4g,,Morrisons Salted Pistachios 260g,3g,15%,20g,,,,,,,,,,,,,,,,,,,,,,,,,,,,,,,
Carbohydrate ,8.2g,,Morrisons Salted Pistachios 260g,3.3g,,,,,,,,,,,,,,,,,,,,,,,,,,,,,,,,,
 of which sugars ,5.7g,,Morrisons Salted Pistachios 260g,2.3g,3%,90g,,,,,,,,,,,,,,,,,,,,,,,,,,,,,,,
Fibre ,6.1g,,Morrisons Salted Pistachios 260g,2.4g,,,,,,,,,,,,,,,,,,,,,,,,,,,,,,,,,
Protein ,17.9g,,Morrisons Salted Pistachios 260g,7.2g,,,,,,,,,,,,,,,,,,,,,,,,,,,,,,,,,
Salt ,1.33g,,Morrisons Salted Pistachios 260g,0.53g,9%,6g,,,,,,,,,,,,,,,,,,,,,,,,,,,,,,,
*Reference intake of an average adult (8400kJ/2000kcal) (RI),,,Morrisons Salted Pistachios 260g,,,,,,,,,,,,,,,,,,,,,,,,,,,,,,,,,,
Contains approximately 7 portions,,,Morrisons Salted Pistachios 260g,,,,,,,,,,,,,,,,,,,,,,,,,,,,,,,,,,
Energy ,2403kJ/579kcal,,Morrisons Wholefoods Pumpkin Seeds  300g,,,8400kJ/2000kcal,,,,,,,,,,,,,,,,,,,,,,,,,,601kJ/145kcal,7%,,,,
Fat ,45.6g,,Morrisons Wholefoods Pumpkin Seeds  300g,,,70g,,,,,,,,,,,,,,,,,,,,,,,,,,11.4g,16%,,,,
of which saturates ,7g,,Morrisons Wholefoods Pumpkin Seeds  300g,,,20g,,,,,,,,,,,,,,,,,,,,,,,,,,1.8g,9%,,,,
Carbohydrate ,15.2g,,Morrisons Wholefoods Pumpkin Seeds  300g,,,,,,,,,,,,,,,,,,,,,,,,,,,,,3.8g,,,,,
of which sugars ,1.1g,,Morrisons Wholefoods Pumpkin Seeds  300g,,,90g,,,,,,,,,,,,,,,,,,,,,,,,,,0.3g,<1%,,,,
Fibre,5.3,,Morrisons Wholefoods Pumpkin Seeds  300g,,,,,,,,,,,,,,,,,,,,,,,,,,,,,1.3,,,,,
Protein ,24.4g,,Morrisons Wholefoods Pumpkin Seeds  300g,,,,,,,,,,,,,,,,,,,,,,,,,,,,,6.1g,,,,,
Salt ,0.05g,,Morrisons Wholefoods Pumpkin Seeds  300g,,,6g,,,,,,,,,,,,,,,,,,,,,,,,,,trace,<1,,,,
*Reference intake of an average adult (8400kJ/2000kcal) (RI),,,Morrisons Wholefoods Pumpkin Seeds  300g,,,,,,,,,,,,,,,,,,,,,,,,,,,,,,,,,,
Contains 12 portions,,,Morrisons Wholefoods Pumpkin Seeds  300g,,,,,,,,,,,,,,,,,,,,,,,,,,,,,,,,,,
Energy ,1823kJ/436kcal,,Morrisons Peanuts Raisins & Chocolate Raisins 200g,729kJ/175kcal,9%,8400kJ/2000kcal,,,,,,,,,,,,,,,,,,,,,,,,,,,,,,,
Fat ,22.6g,,Morrisons Peanuts Raisins & Chocolate Raisins 200g,9g,13%,70g,,,,,,,,,,,,,,,,,,,,,,,,,,,,,,,
 of which saturates ,4.8g,,Morrisons Peanuts Raisins & Chocolate Raisins 200g,1.9g,10%,20g,,,,,,,,,,,,,,,,,,,,,,,,,,,,,,,
Carbohydrate ,41.5g,,Morrisons Peanuts Raisins & Chocolate Raisins 200g,16.6g,,,,,,,,,,,,,,,,,,,,,,,,,,,,,,,,,
 of which sugars ,39.4g,,Morrisons Peanuts Raisins & Chocolate Raisins 200g,15.8g,18%,90g,,,,,,,,,,,,,,,,,,,,,,,,,,,,,,,
Fibre ,6.7g,,Morrisons Peanuts Raisins & Chocolate Raisins 200g,2.7g,,,,,,,,,,,,,,,,,,,,,,,,,,,,,,,,,
Protein ,13.4g,,Morrisons Peanuts Raisins & Chocolate Raisins 200g,5.4g,,,,,,,,,,,,,,,,,,,,,,,,,,,,,,,,,
Salt ,0.05g,,Morrisons Peanuts Raisins & Chocolate Raisins 200g,trace,<1%,6g,,,,,,,,,,,,,,,,,,,,,,,,,,,,,,,
*Reference intake of an average adult (8400kJ/2000kcal) (RI),,,Morrisons Peanuts Raisins & Chocolate Raisins 200g,,,,,,,,,,,,,,,,,,,,,,,,,,,,,,,,,,
Contains 5 portions,,,Morrisons Peanuts Raisins & Chocolate Raisins 200g,,,,,,,,,,,,,,,,,,,,,,,,,,,,,,,,,,
Energy ,,,Morrisons Pineapple  130g,,,,,192kJ/45kcal,,,,,,,,,,,,,,,,,,,,,,,,,,,,,
Fat ,,,Morrisons Pineapple  130g,,,,,0.2g,,,,,,,,,,,,,,,,,,,,,,,,,,,,,
 of which saturates ,,,Morrisons Pineapple  130g,,,,,trace,,,,,,,,,,,,,,,,,,,,,,,,,,,,,
Carbohydrate ,,,Morrisons Pineapple  130g,,,,,9.7g,,,,,,,,,,,,,,,,,,,,,,,,,,,,,
 of which sugars ,,,Morrisons Pineapple  130g,,,,,9.7g,,,,,,,,,,,,,,,,,,,,,,,,,,,,,
Fibre ,,,Morrisons Pineapple  130g,,,,,1.6g,,,,,,,,,,,,,,,,,,,,,,,,,,,,,
Protein ,,,Morrisons Pineapple  130g,,,,,0.4g,,,,,,,,,,,,,,,,,,,,,,,,,,,,,
Salt ,,,Morrisons Pineapple  130g,,,,,trace,,,,,,,,,,,,,,,,,,,,,,,,,,,,,
Energy ,2562kJ,,Morrisons Thai Sweet Chilli Peanuts 200g,,,8400kJ/,,,,,,,,,,,,,,,,,,,,,,,,,,,,1025kJ,,,
,618kcal,,Morrisons Thai Sweet Chilli Peanuts 200g,,12%,2000kcal,,,,,,,,,,,,,,,,,,,,,,,,,,,,247kcal,,,
Fat ,49.6g,,Morrisons Thai Sweet Chilli Peanuts 200g,,28%,70g,,,,,,,,,,,,,,,,,,,,,,,,,,,,19.8g,,,
of which saturates ,9.1g,,Morrisons Thai Sweet Chilli Peanuts 200g,,18%,20g,,,,,,,,,,,,,,,,,,,,,,,,,,,,3.6g,,,
Carbohydrate ,13.8g,,Morrisons Thai Sweet Chilli Peanuts 200g,,,,,,,,,,,,,,,,,,,,,,,,,,,,,,,5.5g,,,
of which sugars ,6.1g,,Morrisons Thai Sweet Chilli Peanuts 200g,,3%,90g,,,,,,,,,,,,,,,,,,,,,,,,,,,,2.4g,,,
Fibre ,5.8g,,Morrisons Thai Sweet Chilli Peanuts 200g,,,,,,,,,,,,,,,,,,,,,,,,,,,,,,,2.3g,,,
Protein ,26.2g,,Morrisons Thai Sweet Chilli Peanuts 200g,,,,,,,,,,,,,,,,,,,,,,,,,,,,,,,10.5g,,,
Salt ,1.1g,,Morrisons Thai Sweet Chilli Peanuts 200g,,7%,6g,,,,,,,,,,,,,,,,,,,,,,,,,,,,0.44g,,,
Reference intake of an average adult (8400kJ/2000kcal) (RI),,,Morrisons Thai Sweet Chilli Peanuts 200g,,,,,,,,,,,,,,,,,,,,,,,,,,,,,,,,,,
Contains 5 portions,,,Morrisons Thai Sweet Chilli Peanuts 200g,,,,,,,,,,,,,,,,,,,,,,,,,,,,,,,,,,
Energy ,,,Morrisons Melon Slices  450g,,,,,104kJ/25kcal,,,,,,,,,,,,,,,,,,,,,,,,,,,,,
Fat ,,,Morrisons Melon Slices  450g,,,,,0.1g,,,,,,,,,,,,,,,,,,,,,,,,,,,,,
of which saturates ,,,Morrisons Melon Slices  450g,,,,,trace,,,,,,,,,,,,,,,,,,,,,,,,,,,,,
Carbohydrate ,,,Morrisons Melon Slices  450g,,,,,4.8g,,,,,,,,,,,,,,,,,,,,,,,,,,,,,
of which sugars ,,,Morrisons Melon Slices  450g,,,,,4.8g,,,,,,,,,,,,,,,,,,,,,,,,,,,,,
Fibre ,,,Morrisons Melon Slices  450g,,,,,1.2g,,,,,,,,,,,,,,,,,,,,,,,,,,,,,
Protein ,,,Morrisons Melon Slices  450g,,,,,0.6g,,,,,,,,,,,,,,,,,,,,,,,,,,,,,
Salt ,,,Morrisons Melon Slices  450g,,,,,trace,,,,,,,,,,,,,,,,,,,,,,,,,,,,,
Contains approx. 5 portions,,,Morrisons Melon Slices  450g,,,,,,,,,,,,,,,,,,,,,,,,,,,,,,,,,,
Energy,192kJ/45kcal,,Morrisons Pineapple Fingers 500g,,,8400kJ/2000kcal,154kJ/36kcal,,,,,,,,,,,,,,,,,,,2%,,,,,,,,,,,
Fat,0.2g,,Morrisons Pineapple Fingers 500g,,,70g,0.2g,,,,,,,,,,,,,,,,,,,<1%,,,,,,,,,,,
of which saturates,trace,,Morrisons Pineapple Fingers 500g,,,20g,trace,,,,,,,,,,,,,,,,,,,<1%,,,,,,,,,,,
Carbohydrate,9.7g,,Morrisons Pineapple Fingers 500g,,,,7.8g,,,,,,,,,,,,,,,,,,,,,,,,,,,,,,
of which sugars,9.7g,,Morrisons Pineapple Fingers 500g,,,90g,7.8g,,,,,,,,,,,,,,,,,,,9%,,,,,,,,,,,
Fibre,1.6g,,Morrisons Pineapple Fingers 500g,,,,1.3g,,,,,,,,,,,,,,,,,,,,,,,,,,,,,,
Protein,0.4g,,Morrisons Pineapple Fingers 500g,,,,0.3g,,,,,,,,,,,,,,,,,,,,,,,,,,,,,,
Salt,trace,,Morrisons Pineapple Fingers 500g,,,6g,trace,,,,,,,,,,,,,,,,,,,<1%,,,,,,,,,,,
*Reference intake of an average adult (8400kJ/2000kcal) (RI),,,Morrisons Pineapple Fingers 500g,,,,,,,,,,,,,,,,,,,,,,,,,,,,,,,,,,
Contains approximately 6 portions,,,Morrisons Pineapple Fingers 500g,,,,,,,,,,,,,,,,,,,,,,,,,,,,,,,,,,
Energy,1320kJ/313kcal,,Morrisons Eat Smart Beetroot Crisps  20g,,,8400kJ/2000kcal,,,,,,,,,,,,,,,,,,,,,,,,264kJ/63kcal,3%,,,,,,
Fat,0.4g,,Morrisons Eat Smart Beetroot Crisps  20g,,,70g,,,,,,,,,,,,,,,,,,,,,,,,0.1g,<1%,,,,,,
of which saturates,0.1g,,Morrisons Eat Smart Beetroot Crisps  20g,,,20g,,,,,,,,,,,,,,,,,,,,,,,,trace,<1%,,,,,,
Carbohydrate,52g,,Morrisons Eat Smart Beetroot Crisps  20g,,,,,,,,,,,,,,,,,,,,,,,,,,,10.4g,,,,,,,
of which sugars,50.7g,,Morrisons Eat Smart Beetroot Crisps  20g,,,90g,,,,,,,,,,,,,,,,,,,,,,,,10.1g,11%,,,,,,
Fibre,20.5g,,Morrisons Eat Smart Beetroot Crisps  20g,,,,,,,,,,,,,,,,,,,,,,,,,,,4.1g,,,,,,,
Protein,15.1g,,Morrisons Eat Smart Beetroot Crisps  20g,,,,,,,,,,,,,,,,,,,,,,,,,,,3g,,,,,,,
Salt,0.71g,,Morrisons Eat Smart Beetroot Crisps  20g,,,6g,,,,,,,,,,,,,,,,,,,,,,,,0.14g,2%,,,,,,
*Reference intake of an average adult (8400kJ/2000kcal) (RI),,,Morrisons Eat Smart Beetroot Crisps  20g,,,,,,,,,,,,,,,,,,,,,,,,,,,,,,,,,,
Energy ,,,Morrisons Fruit Finger Platter 400g,,,,,203kJ/48kcal,,,,,,,,,,,,,,,,,,,,,,,,,,,,,
Fat ,,,Morrisons Fruit Finger Platter 400g,,,,,0.2g,,,,,,,,,,,,,,,,,,,,,,,,,,,,,
of which saturates ,,,Morrisons Fruit Finger Platter 400g,,,,,trace,,,,,,,,,,,,,,,,,,,,,,,,,,,,,
Carbohydrate ,,,Morrisons Fruit Finger Platter 400g,,,,,10.3g,,,,,,,,,,,,,,,,,,,,,,,,,,,,,
of which sugars ,,,Morrisons Fruit Finger Platter 400g,,,,,10.2g,,,,,,,,,,,,,,,,,,,,,,,,,,,,,
Fibre ,,,Morrisons Fruit Finger Platter 400g,,,,,1.7g,,,,,,,,,,,,,,,,,,,,,,,,,,,,,
Protein ,,,Morrisons Fruit Finger Platter 400g,,,,,0.5g,,,,,,,,,,,,,,,,,,,,,,,,,,,,,
Salt ,,,Morrisons Fruit Finger Platter 400g,,,,,trace,,,,,,,,,,,,,,,,,,,,,,,,,,,,,
Contains 5 portions,,,Morrisons Fruit Finger Platter 400g,,,,,,,,,,,,,,,,,,,,,,,,,,,,,,,,,,
Energy ,1123kJ,,Morrisons Wholefoods Dates 500g,,,8400kJ,,,,,,,,,,,,,,,,,,,,,,,,,,,,,562kJ,,
,265kcal,,Morrisons Wholefoods Dates 500g,,,2000kcal,,,,,,,,,,,,,,,,,,,,7%,,,,,,,,,133kcal,,
Fat ,trace,,Morrisons Wholefoods Dates 500g,,,70g,,,,,,,,,,,,,,,,,,,,<1%,,,,,,,,,trace,,
 of which saturates ,trace,,Morrisons Wholefoods Dates 500g,,,20g,,,,,,,,,,,,,,,,,,,,<1%,,,,,,,,,trace,,
Carbohydrate ,59.8g,,Morrisons Wholefoods Dates 500g,,,,,,,,,,,,,,,,,,,,,,,,,,,,,,,,29.9g,,
 of which sugars ,57.4g,,Morrisons Wholefoods Dates 500g,,,90g,,,,,,,,,,,,,,,,,,,,32%,,,,,,,,,28.7g,,
Fibre ,8.7g,,Morrisons Wholefoods Dates 500g,,,,,,,,,,,,,,,,,,,,,,,,,,,,,,,,4.4g,,
Protein ,2.1g,,Morrisons Wholefoods Dates 500g,,,,,,,,,,,,,,,,,,,,,,,,,,,,,,,,1.1g,,
Salt ,0.1g,,Morrisons Wholefoods Dates 500g,,,6g,,,,,,,,,,,,,,,,,,,,<1%,,,,,,,,,trace,,
*Reference intake of an average adult (8400kJ/2000kcal) (RI),,,Morrisons Wholefoods Dates 500g,,,,,,,,,,,,,,,,,,,,,,,,,,,,,,,,,,
Contains 10 portions,,,Morrisons Wholefoods Dates 500g,,,,,,,,,,,,,,,,,,,,,,,,,,,,,,,,,,
Energy ,1078kJ/255kcal,,Morrisons Prunes 250g,,,8400kJ/2000kcal,,,,,,,,,,,,,,,,,,,323kJ/76kcal,,,,,,,,,,,4%,
Fat ,0.4g,,Morrisons Prunes 250g,,,70g,,,,,,,,,,,,,,,,,,,0.1g,,,,,,,,,,,<1%,
 of which saturates ,0.1g,,Morrisons Prunes 250g,,,20g,,,,,,,,,,,,,,,,,,,trace,,,,,,,,,,,<1%,
Carbohydrate ,57g,,Morrisons Prunes 250g,,,,,,,,,,,,,,,,,,,,,,17g,,,,,,,,,,,,
 of which sugars ,38g,,Morrisons Prunes 250g,,,90g,,,,,,,,,,,,,,,,,,,11g,,,,,,,,,,,12%,
Fibre ,7.1g,,Morrisons Prunes 250g,,,,,,,,,,,,,,,,,,,,,,2.1g,,,,,,,,,,,,
Protein ,2.2g,,Morrisons Prunes 250g,,,,,,,,,,,,,,,,,,,,,,0.7g,,,,,,,,,,,,
Salt ,trace,,Morrisons Prunes 250g,,,6g,,,,,,,,,,,,,,,,,,,trace,,,,,,,,,,,<1%,
*Reference intake of an average adult (8400kJ/2000kcal) (RI),,,Morrisons Prunes 250g,,,,,,,,,,,,,,,,,,,,,,,,,,,,,,,,,,
Contains approx. 8 portions,,,Morrisons Prunes 250g,,,,,,,,,,,,,,,,,,,,,,,,,,,,,,,,,,
Energy ,,,Morrisons Apple Grape & Cheese 150g,,,,,456kJ/109kcal,,,,,,,,,,,,,,,,,,,,,,,,,,,,,
Fat ,,,Morrisons Apple Grape & Cheese 150g,,,,,5g,,,,,,,,,,,,,,,,,,,,,,,,,,,,,
of which saturates ,,,Morrisons Apple Grape & Cheese 150g,,,,,3g,,,,,,,,,,,,,,,,,,,,,,,,,,,,,
Carbohydrate ,,,Morrisons Apple Grape & Cheese 150g,,,,,11.6g,,,,,,,,,,,,,,,,,,,,,,,,,,,,,
of which sugars ,,,Morrisons Apple Grape & Cheese 150g,,,,,11.6g,,,,,,,,,,,,,,,,,,,,,,,,,,,,,
Fibre ,,,Morrisons Apple Grape & Cheese 150g,,,,,1.1g,,,,,,,,,,,,,,,,,,,,,,,,,,,,,
Protein ,,,Morrisons Apple Grape & Cheese 150g,,,,,3.9g,,,,,,,,,,,,,,,,,,,,,,,,,,,,,
Salt ,,,Morrisons Apple Grape & Cheese 150g,,,,,0.62g,,,,,,,,,,,,,,,,,,,,,,,,,,,,,
Energy,340kJ/81kcal,,Morrisons Mango Fingers 410g,,,8400kJ/2000kcal,,,,,,,,,,,,,,,,,,,,3%,,,,,,,,,,,279kJ/66kcal
Fat,2.3g,,Morrisons Mango Fingers 410g,,,70g,,,,,,,,,,,,,,,,,,,,3%,,,,,,,,,,,1.9g
of which saturates,1.6g,,Morrisons Mango Fingers 410g,,,20g,,,,,,,,,,,,,,,,,,,,6%,,,,,,,,,,,1.3g
Carbohydrate,13.9g,,Morrisons Mango Fingers 410g,,,,,,,,,,,,,,,,,,,,,,,,,,,,,,,,,,11.4g
of which sugars,10.7g,,Morrisons Mango Fingers 410g,,,90g,,,,,,,,,,,,,,,,,,,,10%,,,,,,,,,,,8.8g
Fibre,1.3g,,Morrisons Mango Fingers 410g,,,,,,,,,,,,,,,,,,,,,,,,,,,,,,,,,,1.1g
Protein,0.6g,,Morrisons Mango Fingers 410g,,,,,,,,,,,,,,,,,,,,,,,,,,,,,,,,,,0.5g
Salt,0.05g,,Morrisons Mango Fingers 410g,,,6g,,,,,,,,,,,,,,,,,,,,1%,,,,,,,,,,,trace
*Reference intake of an average adult (8400kJ/2000kcal) (RI),,,Morrisons Mango Fingers 410g,,,,,,,,,,,,,,,,,,,,,,,,,,,,,,,,,,
Contains 5 portions,,,Morrisons Mango Fingers 410g,,,,,,,,,,,,,,,,,,,,,,,,,,,,,,,,,,
